<?xml version="1.0" encoding="UTF-8"?>
<!DOCTYPE hibernate-configuration PUBLIC "-//Hibernate/Hibernate Configuration DTD 3.0//EN" "http://hibernate.sourceforge.net/hibernate-configuration-3.0.dtd">
<hibernate-configuration>
    <session-factory>
        <property name="hibernate.dialect">org.hibernate.dialect.DerbyDialect</property>
        <property name="hibernate.connection.driver_class">org.apache.derby.jdbc.ClientDriver</property>
        <property name="hibernate.connection.url">jdbc:derby://localhost:1527/sample</property>
        <property name="hibernate.show_sql">true</property>
        <property name="hibernate.current_session_context_class">thread</property>
        <property name="hibernate.hbm2ddl.auto">create</property>

        <mapping class="com.demoinstitute.entity.Person"/>
        <mapping class="com.demoinstitute.entity.Student"/>
        <mapping class="com.demoinstitute.entity.Lecturer"/>
        <mapping class="com.demoinstitute.entity.Address"/>
        <mapping class="com.demoinstitute.entity.Course"/>
    </session-factory>
</hibernate-configuration>
